"Attrition","Age","DistanceFromHome","MonthlyIncome","NumCompaniesWorked","PercentSalaryHike","TotalWorkingYears","TrainingTimesLastYear","YearsAtCompany","YearsInCurrentRole","YearsSinceLastPromotion","YearsWithCurrManager"
"Yes",41,1,5993,8,11,8,0,6,4,0,5
"No",49,8,5130,1,23,10,3,10,7,1,7
"Yes",37,2,2090,6,15,7,3,0,0,0,0
"No",33,3,2909,1,11,8,3,8,7,3,0
"No",27,2,3468,9,12,6,3,2,2,2,2
"No",32,2,3068,0,13,8,2,7,7,3,6
"No",59,3,2670,4,20,12,3,1,0,0,0
"No",30,24,2693,1,22,1,2,1,0,0,0
"No",38,23,9526,0,21,10,2,9,7,1,8
"No",36,27,5237,6,13,17,3,7,7,7,7
"No",35,16,2426,0,13,6,5,5,4,0,3
"No",29,15,4193,0,12,10,3,9,5,0,8
"No",31,26,2911,1,17,5,1,5,2,4,3
"No",34,19,2661,0,11,3,2,2,2,1,2
"Yes",28,24,2028,5,14,6,4,4,2,0,3
"No",29,21,9980,1,11,10,1,10,9,8,8
"No",32,5,3298,0,12,7,5,6,2,0,5
"No",22,16,2935,1,13,1,2,1,0,0,0
"No",53,2,15427,2,16,31,3,25,8,3,7
"No",38,2,3944,5,11,6,3,3,2,1,2
"No",24,11,4011,0,18,5,5,4,2,1,3
"Yes",36,9,3407,7,23,10,4,5,3,0,3
"No",34,7,11994,0,11,13,4,12,6,2,11
"No",21,15,1232,1,14,0,6,0,0,0,0
"Yes",34,6,2960,2,11,8,2,4,2,1,3
"No",53,5,19094,4,11,26,3,14,13,4,8
"Yes",32,16,3919,1,22,10,5,10,2,6,7
"No",42,8,6825,0,11,10,2,9,7,4,2
"No",44,7,10248,3,14,24,4,22,6,5,17
"No",46,2,18947,3,12,22,2,2,2,2,1
"No",33,2,2496,4,11,7,3,1,1,0,0
"No",44,10,6465,2,13,9,5,4,2,1,3
"No",30,9,2206,1,13,10,5,10,0,1,8
"Yes",39,5,2086,3,14,19,6,1,0,0,0
"Yes",24,1,2293,2,16,6,2,2,0,2,0
"No",43,2,2645,1,12,6,3,5,3,1,4
"Yes",50,3,2683,1,14,3,2,3,2,0,2
"No",35,2,2014,1,13,2,3,2,2,2,2
"No",36,5,3419,9,14,6,3,1,1,0,0
"No",33,1,5376,2,19,10,3,5,3,1,3
"No",35,4,1951,1,12,1,3,1,0,0,0
"No",27,2,2341,1,13,1,6,1,0,0,0
"Yes",26,25,2293,1,12,1,2,1,0,0,1
"No",27,8,8726,1,15,9,0,9,8,1,7
"No",30,1,4011,1,23,12,2,12,8,3,7
"Yes",41,12,19545,1,12,23,0,22,15,15,8
"No",34,23,4568,0,20,10,2,9,5,8,7
"No",37,19,3022,4,21,8,1,1,0,0,0
"No",46,5,5772,4,21,14,4,9,6,0,8
"No",35,8,2269,1,19,1,2,1,0,0,1
"Yes",48,1,5381,9,13,23,2,1,0,0,0
"Yes",28,5,3441,1,13,2,3,2,2,2,2
"No",44,1,5454,5,21,9,2,4,3,1,3
"No",35,11,9884,2,13,10,3,4,0,2,3
"No",26,23,4157,7,19,5,2,2,2,0,0
"No",33,1,13458,1,12,15,1,15,14,8,12
"No",35,18,9069,1,22,9,3,9,8,1,8
"No",35,23,4014,3,15,4,3,2,2,2,2
"No",31,7,5915,3,22,10,3,7,7,1,7
"No",37,1,5993,1,18,7,2,7,5,0,7
"No",32,1,6162,1,22,9,3,9,8,7,8
"No",38,29,2406,1,11,10,2,10,3,9,9
"No",50,7,18740,5,12,29,2,27,3,13,8
"No",59,25,7637,7,11,28,3,21,16,7,9
"No",36,8,10096,1,13,17,2,17,14,12,8
"No",55,8,14756,2,14,21,2,5,0,0,2
"No",36,11,6499,1,13,6,3,6,5,0,3
"No",45,7,9724,2,17,25,2,1,0,0,0
"No",35,1,2194,4,13,5,2,3,2,1,2
"Yes",36,9,3388,0,17,2,0,1,0,0,0
"No",59,1,5473,7,11,20,2,4,3,1,3
"No",29,2,2703,0,23,6,3,5,4,0,4
"No",31,1,2501,1,17,1,4,1,1,1,0
"No",32,1,6220,1,17,10,3,10,4,0,9
"No",36,6,3038,3,12,5,3,1,0,0,0
"No",31,8,4424,1,23,11,2,11,7,1,8
"No",35,1,4312,0,14,16,2,15,13,2,8
"No",45,6,13245,4,14,17,3,0,0,0,0
"No",37,7,13664,4,13,16,3,5,2,0,2
"No",46,5,5021,8,22,16,2,4,2,0,2
"No",30,1,5126,1,12,10,1,10,8,3,0
"No",35,1,2859,1,18,6,3,6,4,0,4
"No",55,1,10239,3,14,24,4,1,0,1,0
"No",38,6,5329,7,12,17,3,13,11,1,9
"No",34,1,4325,1,15,5,2,5,2,1,3
"No",56,7,7260,4,11,37,3,6,4,0,2
"No",23,2,2322,3,13,3,3,0,0,0,0
"No",51,9,2075,3,23,10,4,4,2,0,3
"No",30,2,4152,1,19,11,3,11,10,10,8
"Yes",46,9,9619,1,16,9,3,9,8,4,7
"No",40,1,13503,1,22,22,3,22,3,11,11
"No",51,21,5441,0,22,11,2,10,7,1,0
"No",30,4,5209,1,12,11,4,11,8,2,7
"No",46,1,10673,2,13,21,5,10,9,9,5
"No",32,6,5010,1,16,12,0,11,8,5,7
"No",54,2,13549,9,12,16,5,4,3,0,3
"No",24,3,4999,0,21,4,2,3,2,0,2
"No",28,4,4221,1,15,5,3,5,4,0,4
"No",58,10,13872,0,13,38,1,37,10,1,8
"No",44,23,2042,4,12,17,3,3,2,1,2
"Yes",37,6,2073,4,22,7,3,3,2,0,2
"No",32,1,2956,1,13,1,2,1,0,0,0
"Yes",20,6,2926,1,18,1,5,1,0,1,0
"No",34,6,4809,1,14,16,3,16,13,2,10
"No",37,2,5163,5,14,17,2,1,0,0,0
"No",59,2,18844,9,21,30,3,3,2,2,2
"No",50,1,18172,3,19,28,1,8,3,0,7
"Yes",25,5,5744,1,11,6,1,6,4,0,3
"No",25,7,2889,1,11,2,2,2,2,2,1
"No",22,15,2871,1,15,1,5,0,0,0,0
"No",51,1,7484,3,20,23,1,13,12,12,8
"Yes",34,7,6074,1,24,9,3,9,7,0,6
"No",54,26,17328,2,12,23,3,5,3,4,4
"No",24,18,2774,0,12,6,2,5,3,1,2
"No",34,6,4505,6,15,12,3,1,0,0,0
"No",37,3,7428,2,12,12,3,5,3,1,3
"No",34,5,11631,2,12,14,6,11,10,5,8
"No",36,11,9738,0,14,10,6,9,7,2,8
"No",36,3,2835,5,22,7,2,1,0,0,0
"No",43,26,16959,1,12,25,3,25,12,4,12
"No",30,23,2613,1,25,10,2,10,7,0,9
"No",33,22,6146,0,13,8,2,7,7,0,7
"Yes",56,14,4963,9,18,7,2,5,4,4,3
"No",51,6,19537,7,13,23,5,20,18,15,15
"Yes",31,6,6172,4,18,12,3,7,7,7,7
"No",26,6,2368,1,19,5,3,5,4,4,3
"Yes",58,23,10312,1,12,40,3,40,10,15,6
"Yes",19,22,1675,1,19,0,2,0,0,0,0
"No",22,2,2523,0,14,3,2,2,1,2,1
"No",49,20,6567,1,14,16,2,15,11,5,11
"No",43,28,4739,4,12,18,2,3,2,1,2
"No",50,12,9208,4,11,16,3,2,2,2,1
"Yes",31,20,4559,3,11,4,2,2,2,2,2
"No",41,9,8189,3,13,12,2,9,7,0,7
"No",26,25,2942,1,23,8,3,8,7,5,7
"No",36,6,4941,6,20,7,0,3,2,0,1
"Yes",51,8,10650,2,15,18,2,4,2,0,3
"No",39,4,5902,4,14,17,1,15,11,5,9
"No",25,28,8639,2,18,6,3,2,2,2,2
"No",30,9,6347,0,19,12,2,11,9,4,7
"Yes",32,9,4200,7,22,10,2,5,4,0,4
"No",45,29,3452,5,13,9,2,6,5,0,3
"No",38,3,4317,3,20,19,2,3,2,2,2
"No",30,18,2632,1,14,5,4,5,4,0,4
"No",32,9,4668,0,17,9,2,8,7,0,7
"No",30,5,3204,5,14,8,3,3,2,2,2
"No",30,2,2720,0,13,6,3,5,3,1,2
"No",41,10,17181,4,13,21,2,7,6,7,7
"No",41,9,2238,2,21,7,2,5,0,1,4
"No",19,3,1483,1,14,1,3,1,0,0,0
"No",40,26,5605,1,11,20,2,20,7,2,13
"No",35,1,7295,1,13,10,3,10,8,0,6
"No",53,6,2306,2,20,13,3,7,7,4,5
"No",45,9,2348,8,18,20,2,17,9,0,15
"No",32,8,8998,1,14,9,2,9,8,3,7
"No",29,1,4319,1,13,10,1,10,7,0,9
"No",51,7,6132,2,17,10,2,1,0,0,0
"No",58,9,3346,4,20,9,3,1,0,0,0
"No",40,4,10855,7,11,15,2,12,11,2,11
"No",34,2,2231,6,18,6,3,4,3,1,2
"No",22,19,2323,1,24,2,6,2,2,2,2
"No",27,9,2024,6,18,6,1,2,2,2,2
"No",28,21,2713,1,11,5,2,5,2,0,2
"No",57,24,9439,3,16,12,2,5,3,1,4
"No",27,3,2566,1,15,1,2,1,1,0,1
"No",50,11,19926,3,15,21,5,5,4,4,4
"No",41,14,2451,4,12,13,2,9,8,1,8
"No",30,5,9419,2,12,12,2,10,9,7,4
"No",38,1,8686,4,22,12,2,8,3,0,7
"No",32,6,3038,3,20,8,2,5,4,1,4
"No",27,17,3058,0,16,6,3,5,2,1,1
"Yes",19,1,2325,0,21,1,5,0,0,0,0
"No",36,3,2088,4,12,13,3,8,7,7,2
"No",30,9,3072,1,11,12,4,12,9,6,10
"No",45,4,5006,4,11,9,3,5,4,0,3
"No",56,8,4257,4,18,19,3,2,2,2,2
"No",33,2,2500,0,14,4,2,3,1,0,2
"Yes",19,2,1102,1,22,1,3,1,0,1,0
"No",46,1,10453,1,25,24,2,24,13,15,7
"No",38,9,2288,1,12,2,3,2,2,2,1
"No",31,12,3929,8,23,7,0,4,2,0,2
"No",34,27,2311,2,15,9,3,3,2,1,2
"Yes",41,20,3140,1,22,4,5,4,3,0,2
"No",50,1,3690,2,15,5,2,3,2,0,2
"No",53,13,4450,1,11,5,3,4,2,1,3
"No",33,14,2756,1,13,8,5,8,7,1,6
"No",40,4,19033,1,14,21,2,20,8,9,9
"No",55,14,18722,8,11,36,3,24,15,2,15
"No",34,2,9547,1,17,10,2,10,9,1,9
"No",51,3,13734,3,18,21,6,7,7,1,0
"No",52,1,19999,0,14,34,5,33,18,11,9
"No",27,9,2279,1,16,7,2,7,7,0,3
"Yes",35,23,5916,3,13,8,1,1,0,0,1
"No",43,7,2089,4,14,7,3,5,4,2,2
"No",45,2,16792,9,23,22,1,20,8,11,8
"No",37,21,3564,1,12,8,3,8,7,1,7
"No",35,2,4425,5,11,10,5,6,2,1,2
"No",42,21,5265,2,16,11,5,5,3,0,2
"No",38,2,6553,9,14,14,3,1,0,0,0
"No",38,29,6261,3,18,9,3,7,7,1,7
"No",27,1,4298,5,19,6,1,2,2,2,0
"No",49,18,6804,1,15,7,0,7,7,1,7
"No",34,10,3815,1,17,5,4,5,3,2,0
"No",40,19,2741,8,15,15,2,7,2,3,7
"Yes",38,29,6673,7,19,17,2,1,0,0,0
"Yes",29,27,7639,1,22,10,3,10,4,1,9
"No",22,5,2328,1,16,4,2,4,2,2,2
"No",36,18,2153,1,13,8,2,8,1,1,7
"No",40,9,4876,9,14,5,5,3,2,0,2
"No",46,1,9396,7,16,17,3,4,2,0,3
"Yes",32,4,10400,1,11,14,2,14,8,9,8
"No",30,1,8474,1,22,12,2,11,8,5,8
"No",27,20,9981,1,14,7,2,7,7,0,7
"No",51,8,12490,5,16,16,5,10,9,4,7
"Yes",30,3,2657,5,11,8,5,5,2,0,4
"No",41,6,13591,3,18,16,3,1,0,0,0
"Yes",30,26,6696,5,15,9,5,6,3,0,1
"Yes",29,1,2058,0,14,7,1,6,2,1,5
"No",45,6,8865,6,12,23,2,19,7,12,8
"No",54,3,5940,2,14,16,4,6,2,0,5
"No",36,5,5914,8,16,16,3,13,11,3,7
"No",33,4,2622,6,21,7,3,3,2,1,1
"No",37,11,12185,1,14,10,1,10,8,0,7
"No",38,3,10609,0,12,17,6,16,10,5,13
"No",31,1,4345,0,12,6,2,5,4,1,4
"No",59,3,2177,3,17,7,6,1,0,0,0
"No",37,4,2793,4,17,13,2,9,8,5,8
"No",29,1,7918,1,14,11,5,11,10,4,1
"No",35,1,8789,1,14,10,3,10,7,0,8
"Yes",29,18,2389,1,13,4,3,4,3,0,1
"No",52,2,3212,7,15,6,3,2,2,2,2
"No",42,4,19232,1,11,22,3,22,17,11,15
"No",59,6,2267,8,17,7,2,2,2,2,2
"No",50,1,19517,3,11,32,3,7,0,0,6
"Yes",33,14,2436,5,13,8,2,5,4,0,4
"No",43,16,16064,5,22,22,3,17,13,1,9
"Yes",33,2,2707,7,20,13,3,9,7,1,7
"No",52,2,19068,1,18,33,2,33,7,15,12
"No",32,4,3931,2,11,6,5,4,3,1,2
"Yes",32,1,3730,0,14,4,2,3,2,1,2
"No",39,1,2232,7,14,7,1,3,2,1,2
"No",32,26,4465,0,18,4,2,3,2,2,2
"No",41,19,3072,2,16,17,2,1,0,0,0
"No",40,24,3319,1,17,9,3,9,8,4,7
"No",45,1,19202,0,11,25,2,24,0,1,7
"No",31,3,13675,9,12,9,3,2,2,2,2
"No",33,5,2911,1,13,2,2,2,2,0,2
"No",34,2,5957,6,13,13,3,11,9,5,9
"No",37,1,3920,2,14,17,2,3,1,0,2
"No",45,7,6434,4,17,9,1,3,2,0,2
"Yes",37,10,10048,6,11,17,5,1,0,0,0
"No",39,2,10938,0,25,20,1,19,6,11,8
"No",29,15,2340,1,19,6,1,6,5,1,5
"No",42,17,6545,3,13,10,1,3,2,0,2
"No",29,20,6931,2,14,10,2,3,2,0,2
"No",25,1,4898,0,12,5,3,4,2,1,2
"No",42,2,2593,0,11,10,4,9,6,7,8
"No",40,2,19436,0,19,22,5,21,7,3,9
"No",51,1,2723,1,11,1,0,1,0,0,0
"Yes",31,29,3479,0,11,6,2,5,4,1,4
"No",32,7,2794,1,20,5,3,5,1,0,3
"No",38,2,5249,3,18,13,0,8,7,7,5
"No",32,2,2176,4,13,9,5,6,2,0,4
"No",46,2,16872,3,12,28,2,7,7,7,7
"Yes",28,2,3485,2,11,5,5,0,0,0,0
"No",29,2,6644,2,19,10,2,0,0,0,0
"No",31,23,5582,0,21,10,2,9,0,7,8
"No",25,5,4000,1,12,6,2,6,3,1,5
"No",45,20,13496,0,14,21,2,20,7,4,10
"No",36,6,3210,0,11,16,4,15,13,10,11
"No",55,1,19045,0,14,37,2,36,10,4,13
"Yes",47,29,11849,1,12,10,2,10,7,9,9
"No",28,9,2070,1,23,5,3,5,2,0,4
"No",37,6,6502,4,14,7,5,5,4,0,1
"No",21,3,3230,1,17,3,4,3,2,1,0
"No",37,1,13603,2,18,15,2,5,2,0,2
"No",35,22,11996,7,18,10,6,7,7,6,2
"No",38,7,5605,1,24,8,3,8,0,7,7
"No",26,1,6397,1,20,6,6,6,5,1,4
"No",50,4,19144,3,14,28,4,10,4,1,6
"No",53,3,17584,3,16,21,5,5,3,1,3
"No",42,1,4907,1,25,20,3,20,16,11,6
"No",29,2,4554,1,18,10,3,10,7,0,9
"No",55,20,5415,3,19,12,4,10,7,0,8
"No",26,11,4741,1,13,5,3,5,3,3,3
"No",37,1,2115,1,12,17,3,17,12,5,7
"Yes",44,24,3161,3,22,19,0,1,0,0,0
"No",38,23,5745,9,14,10,2,2,2,1,2
"Yes",26,16,2373,2,13,5,2,3,2,0,2
"No",28,8,3310,1,21,5,3,5,3,0,2
"No",49,10,18665,9,11,22,4,3,2,1,2
"No",36,3,4485,4,12,10,2,8,0,7,7
"No",31,5,2789,1,11,2,5,2,2,2,2
"Yes",26,4,5828,1,12,8,0,8,7,7,4
"No",37,9,2326,1,12,4,3,4,2,1,2
"No",42,26,13525,5,14,23,2,20,4,4,8
"Yes",18,3,1420,1,13,0,2,0,0,0,0
"No",35,16,8020,0,15,12,3,11,9,6,9
"No",36,18,3688,4,18,4,2,1,0,0,0
"No",51,2,5482,5,18,13,3,4,1,1,2
"No",41,2,16015,1,19,22,2,22,10,0,4
"No",18,10,1200,1,12,0,2,0,0,0,0
"No",28,16,5661,0,19,9,2,8,3,0,7
"No",31,7,6929,4,11,10,3,8,7,7,7
"No",39,1,9613,0,17,19,5,18,10,3,7
"No",36,24,5674,7,15,11,3,9,8,0,8
"No",32,7,5484,1,14,13,3,13,8,4,8
"No",38,25,12061,3,17,19,2,10,8,0,1
"No",58,1,5660,2,13,12,2,5,3,1,2
"No",31,5,4821,0,12,6,4,5,2,0,3
"No",31,2,6410,3,12,9,1,2,2,1,0
"No",45,7,5210,1,18,24,2,24,9,9,11
"No",31,2,2695,0,18,3,2,2,2,2,2
"No",33,5,11878,6,11,12,2,10,6,8,8
"No",39,10,17068,1,14,21,3,21,9,11,10
"No",43,10,2455,0,19,9,5,8,7,1,7
"No",49,1,13964,7,12,25,2,7,1,0,7
"Yes",52,8,4941,2,15,11,3,8,2,7,7
"No",27,5,2478,1,12,4,2,4,3,1,2
"No",32,8,5228,1,11,13,2,13,12,11,9
"No",27,2,4478,1,11,5,3,5,4,0,4
"No",31,7,7547,4,12,13,3,7,7,1,7
"No",32,2,5055,7,16,10,0,7,7,0,7
"Yes",28,2,3464,5,13,5,4,3,2,2,2
"No",30,28,5775,1,13,11,2,10,8,1,9
"No",31,7,8943,1,24,10,2,10,9,8,9
"No",39,7,19272,1,15,21,2,21,9,13,3
"Yes",39,3,5238,4,18,12,3,1,0,0,0
"No",33,10,4682,3,14,9,6,7,7,0,1
"No",47,5,18300,4,11,21,2,3,2,1,1
"No",43,10,5257,1,11,9,3,9,7,0,0
"No",27,1,6349,0,13,6,0,5,4,1,4
"No",54,20,4869,3,12,20,4,4,3,0,3
"No",43,7,9985,8,16,10,1,1,0,0,0
"No",45,8,3697,9,14,12,3,10,9,9,8
"No",40,1,7457,2,22,6,2,4,3,0,2
"Yes",29,8,2119,1,11,7,4,7,7,0,7
"No",29,9,3983,0,17,4,2,3,2,2,2
"No",30,5,6118,1,13,10,2,10,9,1,2
"No",27,8,6214,1,18,8,3,8,7,0,7
"No",37,5,6347,7,16,8,2,6,2,0,4
"No",38,15,11510,0,14,12,3,11,10,2,9
"No",31,7,7143,1,14,11,2,11,9,4,10
"No",29,10,8268,1,14,7,2,7,7,1,7
"No",35,5,8095,0,13,17,5,16,6,0,13
"No",23,26,2904,1,12,4,2,4,2,0,2
"No",41,6,6032,6,15,8,3,5,4,1,2
"No",47,4,2976,3,19,5,3,0,0,0,0
"No",42,23,15992,2,14,16,2,1,0,0,0
"No",29,2,4649,1,14,4,3,4,3,0,2
"No",42,2,2696,0,11,4,5,3,2,1,0
"No",32,2,2370,1,13,8,4,8,0,0,7
"No",48,29,12504,3,21,15,3,0,0,0,0
"No",37,6,5974,4,13,13,2,7,7,6,7
"No",30,25,4736,7,12,4,2,2,2,2,2
"No",26,1,5296,1,17,8,3,8,7,7,7
"No",42,2,6781,3,23,14,6,1,0,0,0
"Yes",21,1,2174,1,11,3,3,3,2,1,2
"No",36,1,6653,4,15,7,6,1,0,0,0
"No",36,3,9699,4,11,16,2,13,9,1,12
"No",57,1,6755,2,11,15,2,3,2,1,2
"No",40,10,2213,3,13,10,3,7,7,1,7
"No",21,9,2610,1,24,3,3,3,2,2,2
"Yes",33,5,2851,1,13,1,2,1,0,0,0
"No",37,10,3452,6,20,17,3,5,4,0,3
"No",46,7,5258,2,14,7,2,1,0,0,0
"Yes",41,4,9355,1,18,8,5,8,7,7,7
"No",50,10,10496,6,15,20,2,4,3,1,3
"Yes",40,22,6380,2,12,8,6,6,4,1,0
"No",31,9,2657,0,16,3,5,2,2,2,2
"Yes",21,12,2716,1,15,1,0,1,0,0,0
"No",29,23,2201,9,16,6,4,3,2,1,2
"No",35,9,6540,9,19,10,5,1,1,0,0
"No",27,1,3816,1,11,5,2,5,2,0,4
"No",28,9,5253,1,16,7,1,7,5,0,7
"No",49,7,10965,8,24,26,2,5,2,0,0
"No",51,14,4936,4,11,18,2,7,7,0,7
"No",36,2,2543,4,13,6,3,2,2,2,2
"Yes",34,19,5304,8,13,9,3,5,2,0,4
"No",55,2,16659,2,13,30,2,5,4,1,2
"No",24,10,4260,1,12,5,2,5,2,0,3
"No",30,2,2476,1,18,1,3,1,0,0,0
"Yes",26,3,3102,0,22,7,2,6,4,0,4
"No",22,11,2244,1,13,2,1,2,1,1,2
"No",36,2,7596,1,13,10,2,10,9,9,0
"Yes",30,4,2285,9,23,3,4,1,0,0,0
"No",37,14,3034,1,12,18,2,18,7,12,17
"No",40,2,5715,7,12,8,5,5,4,1,3
"No",42,1,2576,3,16,8,5,5,2,1,2
"No",37,10,4197,2,12,18,2,1,0,0,1
"No",43,12,14336,1,11,25,3,25,10,3,9
"No",40,2,3448,6,22,20,3,1,0,0,0
"No",54,5,19406,4,11,24,4,4,2,1,2
"No",34,4,6538,9,15,6,3,3,2,1,2
"No",31,7,4306,1,12,13,5,13,10,3,12
"No",43,21,2258,7,20,8,1,3,2,1,2
"No",43,8,4522,4,14,8,3,5,2,0,2
"No",25,4,4487,1,11,5,3,5,4,1,3
"No",37,25,4449,3,15,15,2,13,11,10,7
"No",31,1,2218,1,12,4,3,4,2,3,2
"No",39,1,19197,1,14,21,3,21,8,1,6
"No",56,6,13212,9,11,36,0,7,7,7,7
"No",30,12,6577,0,11,6,6,5,4,4,4
"No",41,1,8392,1,16,10,2,10,7,0,7
"No",28,17,4558,1,12,10,2,10,0,1,8
"Yes",25,3,4031,5,13,6,5,2,2,0,2
"No",52,3,7969,2,14,28,4,5,4,0,4
"No",45,10,2654,3,21,8,3,2,2,0,2
"No",52,4,16555,2,13,31,2,5,2,1,4
"No",42,29,4556,2,11,19,3,5,4,0,2
"No",30,2,6091,2,20,11,2,5,4,0,2
"No",60,7,19566,5,11,33,5,29,8,11,10
"No",46,18,4810,2,14,19,5,10,7,0,8
"No",42,28,4523,0,11,7,4,6,5,0,4
"Yes",24,1,3202,1,16,6,4,5,3,1,4
"Yes",34,6,2351,0,16,3,3,2,2,1,0
"No",38,2,1702,1,23,1,3,1,0,0,0
"No",40,2,18041,0,14,21,2,20,15,1,12
"No",26,23,2886,1,22,3,3,3,2,0,2
"No",30,3,2097,4,15,9,3,5,3,1,4
"No",29,3,11935,1,18,10,2,10,2,0,7
"Yes",29,25,2546,5,16,6,2,2,2,1,1
"Yes",19,2,2564,1,12,1,3,1,0,0,0
"No",30,22,8412,0,11,10,3,9,8,7,8
"No",57,29,14118,3,12,32,3,1,0,0,0
"No",50,29,17046,0,15,28,2,27,10,15,7
"No",30,2,2564,0,14,12,2,11,7,6,7
"No",60,28,10266,4,19,22,5,18,13,13,11
"No",47,2,5070,5,13,20,2,5,0,0,4
"No",46,2,17861,6,13,26,2,3,2,0,1
"No",35,22,4230,0,15,6,2,5,4,4,3
"No",54,8,3780,7,11,19,3,1,0,0,0
"No",34,2,2768,3,12,14,3,7,3,5,7
"No",46,10,9071,2,19,15,3,3,2,1,2
"No",31,9,10648,1,25,13,6,13,8,0,8
"Yes",33,15,13610,7,12,15,2,7,6,7,7
"Yes",33,10,3408,7,13,8,2,4,3,1,3
"No",30,7,2983,0,14,4,3,3,2,1,2
"No",35,16,7632,4,12,10,2,8,7,0,0
"Yes",31,20,9824,3,12,12,2,1,0,0,0
"Yes",34,23,9950,9,15,11,2,3,2,0,2
"No",42,5,2093,4,17,8,4,2,2,2,0
"No",36,10,9980,1,14,10,3,10,3,9,7
"Yes",22,4,3894,5,16,4,3,2,2,1,2
"No",48,2,4051,2,14,14,2,9,7,6,7
"No",55,18,16835,3,23,37,2,10,9,7,7
"No",41,10,6230,7,14,16,3,14,3,1,10
"No",35,1,4717,9,11,15,2,11,9,6,9
"No",40,6,13237,7,15,22,3,20,6,5,13
"No",39,8,3755,1,11,8,3,8,3,0,7
"No",31,2,6582,4,13,10,2,6,5,0,5
"No",42,24,7406,1,21,10,5,10,9,5,8
"No",45,2,4805,0,19,9,3,8,7,3,7
"Yes",26,17,2741,0,11,8,2,7,7,1,0
"No",29,19,4262,4,12,8,2,3,2,1,2
"No",33,1,16184,4,19,10,2,6,1,0,5
"No",31,7,11557,9,21,10,3,5,4,0,1
"Yes",18,5,1878,1,14,0,3,0,0,0,0
"No",40,28,10932,3,15,20,2,1,0,0,1
"No",41,2,6811,2,17,10,3,8,7,0,7
"No",26,29,4306,5,12,8,5,0,0,0,0
"No",35,1,4859,1,16,5,3,5,4,0,3
"No",34,21,5337,1,12,10,3,10,7,5,7
"Yes",26,24,2340,1,18,1,3,1,0,0,0
"No",37,1,7491,4,17,12,3,6,5,1,2
"No",46,18,10527,5,11,28,3,2,2,1,2
"No",41,2,16595,7,16,22,2,18,16,11,8
"No",37,9,8834,1,13,9,6,9,5,7,7
"No",52,6,5577,3,12,18,3,10,9,6,9
"Yes",32,11,4707,8,12,6,2,4,2,1,2
"No",24,24,2400,0,13,3,3,2,2,2,1
"No",38,10,9824,3,19,18,4,1,0,0,0
"No",37,1,6447,6,12,8,2,6,5,4,3
"No",49,18,19502,1,17,31,5,31,9,0,9
"No",24,23,2725,1,11,6,3,6,5,1,4
"No",26,28,6272,1,20,6,5,5,3,1,4
"No",24,17,2127,1,21,1,2,1,0,0,0
"No",50,3,18200,1,11,32,2,32,5,10,7
"No",25,13,2096,1,11,7,1,7,4,0,6
"Yes",24,7,2886,1,16,6,4,6,3,1,2
"Yes",30,12,2033,1,18,1,2,1,0,0,0
"No",34,1,3622,1,13,6,3,6,5,1,3
"Yes",31,13,4233,2,17,9,2,3,1,1,2
"No",35,25,3681,4,14,9,3,3,2,0,2
"No",31,6,5460,4,22,13,4,7,7,5,7
"No",27,6,2187,0,12,6,5,5,3,0,3
"No",37,2,9602,4,11,17,3,3,0,1,0
"No",20,1,2836,1,13,1,0,1,0,0,0
"No",42,2,4089,1,13,10,4,10,2,2,2
"No",43,6,16627,4,14,21,3,1,0,0,0
"No",38,1,2619,3,17,8,3,0,0,0,0
"No",43,9,5679,3,13,10,3,8,7,4,7
"No",48,1,15402,7,11,21,3,3,2,0,2
"No",44,1,5985,4,11,10,1,2,2,0,2
"No",34,14,2579,1,18,8,3,8,2,0,6
"Yes",27,2,3041,0,11,5,3,4,3,0,2
"No",21,22,3447,1,11,3,2,3,2,1,2
"No",44,3,19513,4,12,26,2,2,2,0,1
"No",22,6,2773,0,20,3,3,2,2,2,2
"No",33,8,7104,0,12,6,3,5,0,1,2
"No",32,9,6322,1,12,6,2,6,4,0,5
"No",30,3,2083,1,20,1,2,1,0,0,0
"No",53,1,8381,7,20,18,2,14,7,8,10
"No",34,1,2691,1,12,10,4,10,9,8,8
"Yes",45,26,4286,2,14,5,4,1,1,0,0
"No",26,6,2659,1,13,3,2,3,2,0,2
"No",37,3,9434,1,15,10,2,10,7,7,8
"No",29,3,5561,1,14,6,5,6,0,1,2
"No",35,6,6646,1,13,17,3,17,11,11,8
"No",33,6,7725,3,23,15,2,13,11,4,7
"No",54,19,10725,2,15,16,1,9,7,7,1
"No",36,9,8847,2,11,13,2,3,2,0,2
"No",27,3,2045,0,13,5,0,4,2,1,1
"Yes",20,10,1009,1,11,1,5,1,0,1,1
"Yes",33,3,3348,1,11,10,3,10,8,9,7
"No",35,3,1281,1,18,1,3,1,0,0,0
"No",23,4,2819,2,16,5,3,3,2,0,2
"No",25,8,4851,0,22,4,4,3,2,1,2
"No",38,7,4028,0,20,8,2,7,7,0,5
"No",29,1,2720,1,18,10,5,10,7,2,8
"No",48,2,8120,3,12,12,3,2,2,2,2
"No",27,3,4647,1,20,6,3,6,5,0,4
"No",37,10,4680,3,17,4,2,1,0,0,0
"No",50,28,3221,1,11,20,3,20,8,3,8
"No",34,9,8621,1,14,9,3,8,7,7,7
"Yes",24,3,4577,9,14,4,3,2,2,2,0
"No",39,2,4553,1,11,20,4,20,7,11,10
"No",32,10,5396,1,12,10,2,10,7,0,8
"Yes",50,8,6796,3,14,18,4,4,3,1,3
"No",38,1,7625,0,13,10,4,9,7,1,8
"No",27,1,7412,1,11,9,3,9,7,0,7
"No",32,3,11159,3,15,10,6,7,7,7,7
"No",47,14,4960,2,12,20,2,7,7,1,7
"No",40,5,10475,5,21,20,2,18,13,1,12
"No",53,7,14814,3,19,32,3,5,1,1,3
"No",41,10,19141,3,15,23,2,21,6,12,6
"No",60,16,5405,8,14,10,1,2,2,2,2
"No",27,10,8793,1,21,9,4,9,7,1,7
"No",41,1,19189,1,12,22,3,22,7,2,10
"No",50,8,3875,7,15,4,2,2,2,2,2
"Yes",28,1,2216,7,13,10,4,7,7,3,7
"No",36,8,11713,9,14,10,2,8,7,0,5
"No",38,1,7861,4,14,10,4,1,0,0,0
"No",44,24,3708,2,14,9,5,5,2,1,4
"No",47,3,13770,9,12,28,2,22,2,11,13
"No",30,27,5304,7,23,10,2,8,7,7,7
"No",29,10,2642,1,11,1,6,1,0,0,0
"Yes",42,19,2759,6,12,7,2,2,2,2,2
"No",43,15,6804,3,18,7,5,2,2,2,2
"No",34,8,6142,3,11,10,2,5,1,4,3
"No",23,9,2500,1,14,5,2,4,3,0,2
"No",39,3,6389,9,15,12,3,8,3,3,6
"No",56,9,11103,7,11,30,1,10,7,1,1
"No",40,2,2342,0,20,5,2,4,2,2,3
"No",27,7,6811,8,19,9,2,7,6,0,7
"No",29,10,2297,1,14,2,2,2,2,2,2
"No",53,6,2450,2,17,19,4,2,2,2,2
"No",35,2,5093,2,11,16,2,1,0,0,0
"No",32,24,5309,1,15,10,2,10,8,4,7
"No",38,2,3057,6,13,6,0,1,0,0,1
"No",34,8,5121,3,14,7,3,0,0,0,0
"No",52,3,16856,1,11,34,3,34,6,1,16
"Yes",33,1,2686,1,13,10,2,10,9,7,8
"No",25,26,6180,1,23,6,5,6,5,1,4
"No",45,2,6632,0,13,9,3,8,7,3,1
"No",23,10,3505,1,18,2,3,2,2,0,2
"Yes",47,27,6397,4,12,8,2,5,4,1,3
"No",34,2,6274,1,22,6,5,6,5,1,4
"Yes",55,2,19859,5,13,24,2,5,2,1,4
"No",36,8,7587,1,15,10,1,10,7,0,9
"No",52,19,4258,0,18,5,3,4,3,1,2
"No",26,1,4364,3,14,5,2,2,2,2,0
"No",29,27,4335,4,12,11,3,8,7,1,1
"Yes",26,8,5326,6,17,6,2,4,3,1,2
"No",34,1,3280,2,16,10,2,4,2,1,3
"No",54,19,5485,9,11,9,4,5,3,1,4
"No",27,8,4342,0,19,5,3,4,2,1,1
"No",37,10,2782,0,13,6,3,5,3,4,3
"No",38,2,5980,6,12,17,2,15,7,4,12
"No",34,2,4381,1,11,6,3,6,5,1,3
"No",35,8,2572,1,16,3,1,3,2,0,2
"No",30,1,3833,3,21,7,2,2,2,0,2
"No",40,2,4244,1,24,8,2,8,7,3,7
"No",34,8,6500,5,17,6,1,3,2,1,2
"No",42,8,18430,1,13,24,4,24,7,14,9
"Yes",23,6,1601,1,21,1,2,0,0,0,0
"No",24,9,2694,1,11,1,4,1,0,0,0
"No",52,11,3149,8,20,9,3,5,2,1,4
"No",50,2,17639,5,16,30,3,4,3,0,3
"Yes",29,1,2319,1,11,1,1,1,0,0,0
"No",33,7,11691,0,11,14,3,13,9,3,7
"Yes",33,16,5324,5,15,6,3,3,2,0,2
"No",47,2,16752,1,11,26,3,26,14,3,0
"No",36,1,5228,0,15,10,2,9,7,0,5
"No",29,23,2700,1,24,10,3,10,7,0,7
"Yes",58,2,19246,7,12,40,2,31,15,13,8
"No",35,1,2506,3,13,7,0,2,2,2,2
"No",42,1,6062,9,13,8,4,4,3,0,2
"Yes",28,2,4382,6,17,5,3,2,2,2,1
"No",36,13,2143,4,13,8,2,5,2,0,4
"No",32,4,6162,1,12,14,3,14,13,6,8
"No",40,16,5094,6,14,10,6,1,0,0,0
"No",30,2,6877,5,24,12,4,0,0,0,0
"No",45,2,2274,1,14,1,3,1,0,0,0
"No",42,29,4434,1,13,10,3,9,8,7,8
"No",38,12,6288,2,15,13,3,4,3,1,2
"No",34,16,2553,1,16,6,3,5,2,1,3
"Yes",49,11,7654,1,18,9,3,9,8,7,7
"Yes",55,2,5160,4,16,12,3,9,7,7,3
"No",43,14,17159,6,24,22,3,4,1,1,0
"No",27,5,12808,1,16,9,3,9,8,0,8
"No",35,7,10221,3,21,17,3,8,5,1,6
"No",28,2,4779,1,20,8,2,8,7,7,5
"No",34,3,3737,0,19,4,1,3,2,0,2
"Yes",26,5,2366,1,14,8,2,8,7,1,7
"No",27,3,1706,1,11,0,6,0,0,0,0
"No",51,26,16307,2,14,29,2,20,6,4,17
"No",44,4,5933,9,12,10,2,5,2,2,3
"No",25,2,3424,7,13,6,3,4,3,0,1
"No",33,1,4037,1,22,9,5,9,8,0,8
"No",35,27,2559,1,11,6,3,6,5,1,1
"No",36,1,6201,1,14,18,1,18,14,4,11
"No",32,13,4403,2,11,8,3,5,2,0,3
"No",30,5,3761,9,12,10,3,5,4,0,3
"No",53,7,10934,7,18,35,3,5,2,0,4
"No",45,9,10761,4,12,18,2,5,4,0,2
"No",32,8,5175,5,12,9,3,5,3,1,3
"No",52,25,13826,3,22,31,3,9,8,0,0
"No",37,16,6334,4,19,9,2,1,0,0,0
"No",28,8,4936,1,13,6,6,5,1,0,4
"No",22,1,4775,6,22,4,2,2,2,2,2
"No",44,8,2818,2,24,10,2,3,2,0,2
"No",42,2,2515,5,14,8,2,2,1,2,2
"No",36,8,2342,0,21,6,3,5,4,0,3
"No",25,3,4194,1,18,5,3,5,3,0,3
"No",35,9,10685,1,20,17,2,17,14,5,15
"Yes",35,25,2022,1,19,10,3,10,2,7,8
"No",32,1,2314,0,12,4,2,3,0,0,2
"No",25,4,4256,1,12,5,1,5,2,0,3
"No",49,1,3580,2,16,7,2,4,2,0,2
"No",24,4,3162,0,17,6,2,5,2,3,4
"No",32,5,6524,1,14,10,3,10,8,5,3
"No",38,9,2899,0,19,3,3,2,2,1,2
"No",42,3,5231,2,13,17,1,5,3,1,3
"No",31,11,2356,3,19,8,2,6,4,0,2
"Yes",29,1,2800,6,19,5,3,3,2,0,2
"No",53,8,11836,5,14,28,3,2,0,2,2
"No",35,25,10903,3,16,16,2,13,10,4,8
"No",37,21,2973,5,15,10,3,5,4,0,0
"No",53,23,14275,6,18,33,0,12,9,3,8
"No",43,1,5562,4,13,12,2,5,2,2,2
"No",47,2,4537,0,22,8,2,7,6,7,7
"No",37,19,7642,1,13,10,2,10,0,0,9
"No",50,2,17924,1,11,31,3,31,6,14,7
"No",39,2,5204,8,11,13,2,5,4,0,4
"No",33,3,2277,3,11,7,4,4,3,0,3
"Yes",32,25,2795,1,24,1,2,1,0,0,1
"No",29,7,2532,6,14,8,5,4,3,0,3
"No",44,9,2559,1,13,8,0,8,7,7,1
"No",28,5,4908,1,14,4,3,4,2,0,2
"Yes",58,2,2380,9,14,3,3,1,0,0,0
"No",43,8,4765,4,21,4,2,1,0,0,0
"Yes",20,2,2044,1,13,2,3,2,2,0,2
"Yes",21,18,2693,1,19,1,3,1,0,0,0
"No",36,14,6586,0,17,17,2,16,8,4,11
"No",47,2,3294,1,18,3,3,3,2,1,2
"Yes",22,3,4171,0,19,4,3,3,2,0,2
"Yes",41,2,2778,4,13,10,1,7,7,1,0
"No",28,9,2377,5,18,6,2,2,2,2,2
"Yes",39,6,2404,7,21,8,2,2,2,2,2
"No",27,4,2318,1,19,1,2,1,1,0,0
"No",34,10,2008,1,14,1,3,1,0,1,0
"No",42,14,6244,7,17,10,6,5,4,0,3
"No",33,1,2799,3,11,6,1,3,2,0,2
"No",58,5,10552,2,13,24,3,6,0,0,4
"No",31,7,2329,3,15,13,2,7,7,5,2
"No",35,21,4014,1,25,10,2,10,6,0,7
"No",49,8,7403,4,11,29,3,26,9,1,7
"No",48,20,2259,4,17,13,2,0,0,0,0
"No",31,20,6932,1,13,9,2,9,8,0,0
"No",36,7,4678,2,18,8,6,6,2,0,1
"No",38,1,13582,1,13,15,3,15,12,5,11
"No",32,1,2332,6,20,5,3,3,0,0,2
"Yes",25,19,2413,1,18,1,2,1,0,0,0
"No",40,10,9705,2,12,11,2,1,0,0,0
"No",26,1,4294,1,12,7,2,7,7,0,7
"No",41,6,4721,2,13,20,3,18,13,2,17
"No",36,2,2519,4,21,16,6,11,8,3,9
"Yes",19,21,2121,1,13,1,3,1,0,0,0
"Yes",20,4,2973,1,19,1,2,1,0,0,0
"No",31,12,5855,0,11,10,2,9,7,8,5
"No",40,9,3617,8,14,3,2,1,1,0,0
"No",32,3,6725,1,12,8,2,8,7,6,3
"Yes",36,3,10325,1,11,16,6,16,7,3,7
"No",33,1,6949,0,14,6,3,5,0,1,4
"Yes",37,1,10609,5,11,17,2,14,1,11,7
"No",45,4,4447,1,12,9,5,9,7,0,8
"No",29,20,2157,1,15,3,5,3,1,0,2
"No",35,18,4601,1,16,5,3,5,2,1,0
"No",52,1,17099,2,15,26,2,9,8,7,8
"Yes",58,2,2479,4,24,7,4,1,0,0,0
"No",53,2,14852,6,13,22,3,17,13,15,2
"No",30,8,7264,5,11,10,2,8,4,7,7
"No",38,10,5666,1,13,6,1,5,3,1,3
"No",35,3,7823,6,13,12,2,10,9,0,8
"No",39,2,7880,0,18,9,3,8,7,0,7
"Yes",40,24,13194,4,16,22,2,1,0,0,0
"No",47,16,5067,1,19,20,3,19,10,2,7
"No",36,8,5079,4,13,12,3,7,7,0,7
"Yes",31,9,2321,0,22,4,0,3,2,1,2
"No",33,17,17444,1,11,10,2,10,8,6,0
"Yes",29,10,2404,6,20,3,5,0,0,0,0
"No",33,13,3452,3,18,5,4,3,2,0,2
"No",45,1,2270,3,14,8,2,5,3,0,2
"No",50,1,17399,9,22,32,1,5,4,1,3
"No",33,1,5488,1,13,6,2,6,5,1,2
"No",41,9,19419,2,17,21,2,18,16,0,11
"No",27,16,2811,9,14,4,2,2,2,2,2
"No",45,23,3633,1,15,9,2,9,8,0,8
"No",47,4,4163,1,17,9,0,9,0,0,7
"Yes",30,22,2132,4,11,7,2,5,2,0,1
"No",50,24,13973,3,18,22,2,12,11,1,5
"No",38,10,2684,0,17,3,0,2,1,0,2
"No",46,7,10845,6,13,13,3,8,7,0,7
"No",24,17,4377,1,15,5,6,4,2,3,2
"Yes",35,14,3743,1,24,5,2,4,2,0,2
"No",31,1,4148,1,12,4,1,4,3,0,3
"No",18,5,1051,1,15,0,2,0,0,0,0
"No",54,17,10739,8,11,22,2,10,7,0,8
"No",35,25,10388,1,11,16,3,16,10,10,1
"No",30,8,11416,0,12,9,4,8,7,1,7
"Yes",20,11,2600,1,15,1,2,1,0,0,0
"Yes",30,5,2422,0,17,4,3,3,2,1,2
"No",26,2,5472,1,12,8,2,8,7,1,3
"No",22,8,2451,1,15,4,3,4,3,1,1
"No",48,6,4240,2,13,19,0,2,2,2,2
"No",48,4,10999,7,14,27,3,15,11,4,8
"No",41,7,5003,6,14,8,6,2,2,2,1
"No",39,1,12742,1,16,21,3,21,6,11,8
"No",27,2,4227,0,18,4,2,3,2,2,2
"No",35,10,3917,1,20,3,4,3,2,1,2
"No",42,5,18303,6,13,21,3,1,0,0,0
"No",50,9,2380,4,18,8,5,1,0,0,0
"No",59,2,13726,3,13,30,4,5,3,4,3
"Yes",37,11,4777,5,15,15,2,1,0,0,0
"No",55,18,6385,3,14,17,3,8,7,6,7
"No",41,7,19973,1,22,21,3,21,16,5,10
"No",38,3,6861,8,12,19,1,1,0,0,0
"Yes",26,29,4969,8,18,7,6,2,2,2,2
"Yes",52,2,19845,1,15,33,3,32,14,6,9
"No",44,28,13320,3,18,23,2,12,11,11,11
"No",50,1,6347,0,12,19,3,18,7,0,13
"Yes",36,16,2743,1,16,18,1,17,13,15,14
"No",39,22,10880,1,13,21,2,21,6,2,8
"No",33,8,2342,0,19,3,2,2,2,2,2
"No",45,11,17650,3,13,26,4,9,3,1,1
"No",32,29,4025,9,12,10,2,8,7,7,7
"No",34,1,9725,0,11,16,2,15,1,0,9
"No",59,1,11904,3,14,14,1,6,4,0,4
"No",45,24,2177,1,16,6,3,6,3,0,4
"No",53,2,7525,2,12,30,2,15,7,6,12
"Yes",36,15,4834,7,14,9,3,1,0,0,0
"Yes",26,2,2042,6,14,6,2,3,2,1,2
"No",34,10,2220,1,19,1,2,1,1,0,0
"No",28,10,1052,1,22,1,5,1,0,0,0
"No",38,3,2821,3,16,8,2,2,2,2,2
"No",50,2,19237,2,11,29,2,8,1,7,7
"No",37,3,4107,3,15,8,3,4,3,0,1
"No",40,26,8396,1,14,8,3,7,7,7,5
"No",26,1,2007,1,13,5,5,5,3,1,3
"No",46,1,19627,9,17,23,0,2,2,2,2
"No",54,2,10686,6,11,13,4,9,4,7,0
"No",56,9,2942,2,19,18,4,5,4,0,3
"No",36,12,8858,0,11,15,2,14,8,7,8
"No",55,2,16756,7,15,31,3,9,7,6,2
"No",43,25,10798,5,13,18,5,1,0,0,0
"Yes",20,9,2323,1,14,2,3,2,2,0,2
"Yes",21,10,1416,1,13,1,6,1,0,1,0
"No",46,8,4615,8,23,19,2,16,13,1,7
"Yes",51,4,2461,9,12,18,2,10,0,2,7
"Yes",28,24,8722,1,12,10,2,10,7,1,9
"No",26,1,3955,1,16,6,2,5,3,1,3
"No",30,20,9957,0,15,7,1,6,2,0,2
"No",41,7,3376,1,13,10,3,10,6,0,8
"No",38,17,8823,0,18,20,4,19,9,1,9
"No",40,20,10322,4,20,14,6,11,10,11,1
"No",27,8,4621,1,19,3,4,3,2,1,2
"No",55,2,10976,3,18,23,4,3,2,1,2
"No",28,10,3660,3,13,10,4,8,7,1,7
"Yes",44,1,10482,9,14,24,1,20,6,3,6
"No",33,5,7119,4,15,9,2,3,2,1,2
"Yes",35,4,9582,0,22,9,2,8,7,4,7
"Yes",33,29,4508,1,22,14,4,13,7,3,8
"No",28,15,2207,1,16,4,5,4,2,2,2
"No",34,3,7756,0,17,7,1,6,2,0,4
"No",37,10,6694,2,14,8,5,1,0,0,0
"Yes",25,4,3691,1,15,7,3,7,7,5,6
"Yes",26,21,2377,1,20,1,0,1,1,0,0
"Yes",33,25,2313,4,20,5,0,2,2,2,2
"No",42,2,17665,0,17,23,3,22,6,13,7
"Yes",28,1,2596,1,15,1,2,1,0,0,0
"Yes",50,1,4728,3,14,5,4,0,0,0,0
"No",33,7,4302,0,17,4,3,3,2,0,2
"No",34,3,2979,3,17,6,2,0,0,0,0
"No",48,1,16885,2,22,27,3,5,4,2,1
"No",45,9,5593,1,13,15,2,15,10,4,12
"No",52,7,10445,7,19,18,4,8,6,4,0
"No",38,10,8740,0,14,9,2,8,7,2,7
"No",29,28,2514,4,22,11,1,7,5,1,7
"No",28,3,7655,0,17,10,3,9,7,1,7
"No",46,3,17465,3,12,23,3,12,9,4,9
"No",38,2,7351,7,16,10,2,1,0,0,0
"No",43,27,10820,8,11,18,1,8,7,0,1
"Yes",39,2,12169,7,11,21,4,18,7,11,5
"No",40,14,19626,1,14,21,2,20,7,4,9
"No",21,1,2070,1,11,2,6,2,2,2,2
"No",39,9,6782,9,15,9,2,5,4,0,3
"No",36,18,7779,2,20,18,0,11,9,0,9
"No",31,20,2791,0,12,3,4,2,2,2,2
"No",28,2,3201,0,17,6,2,5,3,0,4
"No",35,11,4968,1,11,5,3,5,2,0,2
"No",49,8,13120,6,17,22,3,9,8,2,3
"No",34,2,4033,2,11,5,3,3,2,0,2
"No",29,10,3291,0,14,8,2,7,5,1,1
"No",42,29,4272,4,19,16,3,1,0,0,0
"No",29,8,5056,1,15,10,2,10,7,1,2
"No",38,1,2844,1,13,7,2,7,6,5,0
"No",28,6,2703,1,14,3,2,3,1,0,2
"Yes",18,8,1904,1,12,0,0,0,0,0,0
"Yes",33,9,8224,0,17,6,3,5,2,0,3
"No",41,12,4766,3,11,6,4,1,0,0,0
"Yes",31,15,2610,1,12,2,5,2,2,2,2
"No",37,25,5731,7,13,9,2,6,2,1,3
"No",27,6,2539,1,13,4,0,4,2,2,2
"No",34,9,5714,1,20,6,3,6,5,1,3
"No",35,8,4323,1,17,6,2,5,4,1,4
"Yes",29,23,7336,1,13,11,3,11,8,3,10
"No",40,9,13499,9,17,20,3,18,7,2,13
"Yes",42,12,13758,0,12,22,2,21,9,13,14
"No",42,4,5155,7,13,9,3,6,4,1,5
"No",35,1,2258,6,12,10,2,8,0,1,7
"No",24,24,3597,8,22,6,2,4,3,1,2
"Yes",28,12,2515,1,11,1,4,1,1,0,0
"No",26,3,4420,1,22,8,2,8,7,0,7
"No",30,10,6578,1,18,10,3,10,3,1,4
"No",40,26,4422,3,13,16,3,1,1,0,0
"No",35,2,10274,2,18,15,2,7,7,6,4
"No",34,1,5343,0,20,14,3,13,9,4,9
"No",35,4,2376,1,13,2,2,2,2,2,2
"Yes",43,9,5346,8,13,7,2,4,3,1,3
"No",32,2,2827,1,12,1,3,1,0,0,0
"No",56,4,19943,4,13,28,2,5,2,4,2
"No",29,6,3131,1,13,10,5,10,8,0,8
"No",19,9,2552,1,25,1,4,1,1,0,0
"No",45,7,4477,4,19,7,2,3,2,0,2
"No",37,1,6474,1,13,14,2,14,8,3,11
"No",20,3,3033,1,12,2,2,2,2,1,2
"Yes",44,10,2936,1,11,6,4,6,4,0,2
"No",53,7,18606,3,18,26,6,7,7,4,7
"No",29,15,2168,0,18,6,2,5,4,1,3
"Yes",22,3,2853,0,11,1,5,0,0,0,0
"No",46,2,17048,8,23,28,2,26,15,15,9
"No",44,17,2290,2,13,6,3,0,0,0,0
"No",33,2,3600,1,13,5,2,5,4,1,4
"Yes",41,5,2107,6,17,5,2,1,0,0,0
"No",30,29,4115,8,19,8,3,4,3,0,3
"No",40,2,4327,5,12,5,2,0,0,0,0
"No",50,2,17856,2,22,32,3,2,2,2,2
"No",28,19,3196,1,12,6,2,6,5,3,3
"No",46,15,19081,5,11,25,2,4,2,0,3
"No",35,17,8966,3,15,15,2,7,7,1,7
"Yes",24,17,2210,1,13,1,3,1,0,0,0
"No",33,25,4539,1,12,10,3,10,7,0,1
"No",36,6,2741,1,14,7,4,7,7,1,7
"No",30,7,3491,1,13,10,4,10,7,8,9
"No",44,29,4541,1,25,20,3,20,11,13,17
"No",20,21,2678,1,17,2,2,2,1,2,2
"No",46,2,7379,2,11,12,3,6,3,1,4
"No",42,2,6272,7,16,10,3,4,3,0,3
"No",60,7,5220,0,18,12,3,11,7,1,9
"No",32,13,2743,1,20,2,2,2,2,2,2
"No",32,2,4998,4,14,10,2,8,7,0,7
"No",36,1,10252,2,21,17,2,7,7,7,7
"No",33,9,2781,0,13,15,5,14,10,4,10
"No",40,10,6852,7,12,7,2,5,1,1,3
"No",25,10,4950,0,14,5,4,4,3,1,1
"No",30,1,3579,0,21,12,2,11,9,5,7
"No",42,26,13191,3,17,20,6,1,0,0,0
"No",35,8,10377,4,11,16,6,13,2,4,12
"No",27,14,2235,1,14,9,3,9,7,6,8
"No",54,1,10502,7,17,33,2,5,4,1,4
"No",44,2,2011,1,13,10,5,10,5,7,7
"Yes",19,10,1859,1,25,1,2,1,1,0,0
"No",29,1,3760,1,15,3,5,3,2,1,2
"No",54,3,17779,3,14,36,2,10,9,0,9
"No",31,11,6833,1,12,6,2,6,5,0,1
"No",31,24,6812,1,19,10,2,10,9,1,8
"No",59,3,5171,5,17,13,2,6,1,0,5
"No",43,3,19740,3,14,25,2,8,7,0,7
"No",49,4,18711,2,13,23,2,1,0,0,0
"No",36,3,3692,1,12,12,2,11,10,0,7
"No",48,2,2559,5,11,7,4,1,0,0,0
"No",27,4,2517,1,11,5,2,5,3,0,3
"No",29,7,6623,1,11,6,2,6,0,1,0
"No",48,1,18265,6,12,25,3,1,0,0,0
"No",29,1,16124,3,14,9,2,7,7,1,7
"No",34,20,2585,0,17,2,5,1,0,0,0
"No",44,5,18213,7,11,26,5,22,9,3,10
"No",33,10,8380,0,14,10,3,9,8,0,8
"No",19,25,2994,1,12,1,2,1,0,0,1
"No",23,1,1223,1,22,1,2,1,0,0,1
"Yes",25,24,1118,1,14,1,4,1,0,1,0
"No",26,4,2875,1,20,8,2,8,5,2,2
"Yes",45,2,18824,2,16,26,2,24,10,1,11
"No",55,8,13577,1,15,34,3,33,9,15,0
"Yes",21,10,2625,1,20,2,2,2,2,2,2
"No",46,4,18789,2,14,26,2,11,4,0,8
"No",34,2,4538,0,12,4,3,3,2,0,2
"No",51,9,19847,4,24,31,5,29,10,11,10
"No",59,18,10512,6,12,25,6,9,7,5,4
"No",34,19,4444,4,13,15,2,11,8,5,10
"No",28,1,2154,0,11,5,2,4,2,0,2
"No",44,4,19190,1,14,26,4,25,9,14,13
"No",34,11,4490,4,11,14,5,10,9,1,8
"No",35,6,3506,0,14,4,3,3,2,2,2
"No",42,7,2372,6,16,18,2,1,0,0,0
"No",43,4,10231,3,14,23,3,21,7,15,17
"No",36,2,5410,9,11,18,2,16,14,5,12
"Yes",44,15,7978,1,11,10,2,10,7,0,5
"No",28,2,3867,1,12,2,2,2,2,2,2
"No",51,6,2838,0,14,8,6,7,0,7,7
"No",30,9,4695,7,18,10,3,8,4,1,7
"Yes",29,7,3339,3,13,10,2,7,7,7,7
"No",28,1,2080,2,11,5,2,3,2,1,2
"No",25,1,2096,1,18,2,3,2,2,2,1
"No",32,8,6209,1,15,10,4,10,7,0,8
"No",45,25,18061,3,22,22,4,0,0,0,0
"No",39,13,17123,6,13,21,4,19,9,15,2
"No",58,23,2372,1,12,2,3,2,2,2,2
"Yes",32,7,4883,1,18,10,3,10,4,1,1
"Yes",39,23,3904,0,13,6,2,5,2,0,3
"No",30,6,4627,0,12,10,6,9,2,6,7
"No",36,10,7094,3,12,10,0,7,7,1,7
"No",46,1,3423,6,12,10,3,7,6,5,7
"No",28,1,6674,0,11,10,6,9,8,7,5
"No",50,28,16880,4,11,25,2,3,2,1,2
"Yes",40,25,9094,2,12,9,2,5,4,1,0
"Yes",52,5,8446,9,19,10,2,8,7,7,7
"No",30,17,11916,1,23,9,2,9,1,0,8
"No",39,18,4534,0,11,9,6,8,7,1,7
"No",31,2,9852,1,19,10,5,10,8,9,6
"No",41,10,6151,1,13,19,4,19,2,11,9
"Yes",31,1,2302,1,11,3,2,3,2,2,2
"Yes",44,3,2362,4,12,10,4,3,2,1,2
"No",42,2,17861,0,13,21,3,20,8,2,10
"No",55,2,19187,4,14,23,5,19,9,9,11
"No",56,8,19717,6,14,36,4,7,3,7,7
"No",40,16,3544,9,16,6,0,4,2,0,0
"No",34,9,8500,0,11,10,0,9,7,1,6
"No",40,2,4661,1,13,9,4,9,8,8,8
"No",41,1,4103,0,17,10,2,9,3,1,7
"No",35,4,4249,1,11,9,3,9,6,1,1
"No",51,5,14026,1,11,33,2,33,9,0,10
"No",38,2,6893,3,15,11,3,7,7,1,7
"No",34,15,6125,1,12,10,6,10,8,9,6
"No",25,19,3669,3,11,7,6,3,2,1,2
"Yes",58,7,10008,7,14,31,0,10,9,5,9
"No",40,1,2387,3,22,7,3,4,2,0,3
"No",36,7,4639,2,16,17,2,15,7,6,13
"No",48,4,7898,1,11,11,2,10,9,0,8
"No",27,11,2534,8,14,5,4,1,0,0,0
"No",51,11,13142,3,16,29,1,5,2,0,3
"No",18,1,1611,1,15,0,5,0,0,0,0
"No",35,1,5363,0,12,10,0,9,7,0,0
"No",27,2,5071,3,20,8,3,6,2,0,0
"Yes",55,13,13695,6,17,24,2,19,7,3,8
"No",56,23,13402,4,12,33,0,19,16,15,9
"No",34,26,2029,1,20,5,2,5,4,0,0
"No",40,2,6377,5,20,15,0,12,11,11,8
"No",34,29,5429,4,13,10,1,8,7,7,7
"Yes",31,2,2785,7,14,3,3,1,0,0,0
"Yes",35,18,4614,0,18,5,0,4,2,3,2
"No",38,7,2610,1,11,4,2,4,2,0,3
"No",34,2,6687,1,11,14,2,14,11,4,11
"No",28,26,4724,1,11,5,0,5,3,0,4
"Yes",31,22,6179,1,15,10,3,10,2,6,7
"No",39,21,6120,3,12,8,2,5,4,1,4
"No",51,2,10596,2,11,14,5,4,2,3,2
"No",41,22,5467,3,14,12,4,6,2,3,3
"No",37,4,2996,7,15,8,2,6,4,1,3
"No",33,5,9998,6,13,8,2,5,4,1,2
"No",32,2,4078,0,13,4,3,3,2,1,2
"No",39,25,10920,3,21,13,2,6,4,0,5
"No",25,18,6232,2,11,6,3,3,2,1,2
"No",52,28,13247,2,11,24,3,5,3,0,2
"No",43,6,4081,1,14,20,3,20,7,1,8
"No",27,10,5769,1,11,6,3,6,2,4,4
"Yes",27,17,2394,1,13,8,2,8,2,7,7
"No",26,2,3904,0,12,5,2,4,3,1,1
"No",42,10,16799,0,14,21,5,20,7,0,9
"No",52,8,2950,9,13,12,2,5,4,0,4
"No",37,11,3629,4,18,8,6,3,2,0,2
"No",35,18,9362,2,11,10,2,2,2,2,2
"No",25,1,3229,4,11,7,2,3,2,0,2
"No",26,7,3578,0,12,8,2,7,7,0,7
"No",29,17,7988,1,13,10,3,10,9,0,9
"Yes",49,28,4284,3,20,20,2,4,3,1,3
"Yes",29,14,7553,0,12,9,1,8,7,7,7
"No",54,1,17328,6,19,29,3,20,7,12,7
"No",58,1,19701,3,21,32,3,9,8,1,5
"No",55,1,14732,2,13,31,4,7,7,0,0
"No",36,3,9278,3,16,15,3,5,4,0,1
"Yes",31,1,1359,1,12,1,3,1,0,0,0
"No",30,7,4779,7,14,8,3,3,2,0,2
"No",31,8,16422,3,11,9,3,3,2,1,0
"No",34,1,2996,5,14,10,2,4,3,1,3
"Yes",31,8,1261,1,12,1,3,1,0,0,0
"No",27,11,2099,0,14,6,3,5,0,1,4
"No",36,4,5810,1,16,10,2,10,4,1,8
"No",36,16,5647,4,13,11,3,3,2,0,2
"No",47,1,3420,7,12,17,2,6,5,1,2
"Yes",25,9,4400,3,12,6,2,3,2,2,2
"No",37,5,3500,0,14,7,2,6,5,1,3
"No",56,1,2066,2,22,5,3,3,2,1,0
"No",47,2,17169,3,19,26,2,20,17,5,6
"No",24,4,4162,1,12,5,3,5,4,0,3
"No",32,7,9204,4,12,7,3,4,3,0,3
"No",34,1,3294,5,17,7,2,5,4,0,2
"No",41,5,2127,2,12,7,5,4,2,0,3
"No",40,9,3975,3,11,11,2,8,7,0,7
"No",31,8,10793,1,18,13,5,13,7,9,9
"Yes",46,9,10096,4,11,28,1,7,7,4,3
"Yes",39,2,3646,2,23,11,2,1,0,0,0
"Yes",31,1,7446,1,11,10,2,10,8,4,7
"No",45,20,10851,2,18,24,2,7,7,0,7
"No",31,8,2109,9,18,8,3,3,2,0,2
"Yes",31,2,3722,6,13,7,2,2,2,2,2
"No",45,29,9380,4,18,10,4,3,1,1,2
"No",48,7,5486,4,11,15,3,2,2,2,2
"Yes",34,9,2742,1,15,2,0,2,2,2,2
"No",40,8,13757,2,11,16,5,9,8,4,8
"No",28,5,8463,0,18,6,4,5,4,1,3
"No",44,5,3162,3,14,7,5,5,2,0,3
"No",53,2,16598,4,12,35,2,9,8,8,8
"No",49,5,6651,2,14,20,0,3,2,1,2
"No",40,2,2345,2,14,8,3,3,1,1,2
"No",44,20,3420,1,13,6,3,5,2,1,3
"No",33,7,4373,0,14,5,2,4,3,0,3
"No",34,3,4759,3,18,15,2,13,9,3,12
"No",30,16,5301,8,15,4,2,2,1,2,2
"No",42,9,3673,1,13,12,3,12,9,5,8
"No",44,1,4768,7,12,11,4,1,0,0,0
"No",30,7,1274,1,13,1,2,1,0,0,0
"No",57,1,4900,0,24,13,2,12,9,2,8
"No",49,7,10466,3,14,29,3,8,7,0,7
"No",34,15,17007,7,14,16,3,14,8,6,9
"Yes",28,1,2909,3,15,5,3,3,2,1,2
"Yes",29,13,5765,5,11,7,4,5,3,0,0
"Yes",34,24,4599,0,23,16,2,15,9,10,10
"No",35,7,2404,1,13,1,3,1,0,0,0
"Yes",24,9,3172,2,11,4,2,0,0,0,0
"No",24,13,2033,1,13,1,2,1,0,0,0
"No",44,2,10209,5,18,16,2,2,2,2,2
"No",29,19,8620,1,14,10,3,10,7,0,4
"No",30,1,2064,0,21,6,3,5,3,1,3
"No",55,4,4035,0,16,4,2,3,2,1,2
"No",33,4,3838,8,11,8,5,5,4,0,2
"No",47,14,4591,3,17,11,4,5,4,1,2
"Yes",28,2,2561,7,11,8,2,0,0,0,0
"No",28,1,1563,1,14,1,2,1,0,0,0
"No",28,7,4898,0,14,5,5,4,2,1,3
"No",49,3,4789,4,25,10,3,3,2,1,2
"No",29,2,3180,0,13,4,3,3,2,0,2
"No",28,29,6549,1,14,8,2,8,6,1,7
"No",33,8,6388,2,17,14,6,0,0,0,0
"No",32,10,11244,2,25,10,5,5,2,0,0
"No",54,11,16032,3,20,26,2,14,9,1,12
"Yes",29,1,2362,6,13,11,2,9,7,0,7
"No",44,28,16328,3,13,24,1,20,6,14,17
"No",39,6,8376,4,18,9,3,2,0,2,2
"No",46,3,16606,8,12,23,2,13,12,5,1
"No",35,16,8606,1,19,11,3,11,8,3,3
"No",23,20,2272,0,14,5,2,4,3,1,2
"Yes",40,9,2018,3,14,15,3,5,4,1,0
"No",34,1,7083,1,14,10,3,10,9,8,6
"Yes",31,3,4084,1,12,7,2,7,2,7,7
"No",50,22,14411,1,13,32,2,32,6,13,9
"No",34,7,2308,0,25,12,4,11,10,5,7
"No",42,2,4841,4,14,4,3,1,0,0,0
"No",37,13,4285,1,17,10,2,10,8,3,7
"No",29,8,9715,3,13,9,3,7,7,0,7
"No",33,25,4320,1,13,5,2,5,3,0,2
"No",45,28,2132,4,20,8,3,5,4,0,3
"No",42,2,10124,2,14,24,3,20,8,13,9
"No",40,9,5473,0,12,9,5,8,4,7,1
"No",33,28,5207,1,12,15,3,15,14,5,7
"No",40,6,16437,1,21,21,2,21,7,7,7
"No",24,21,2296,0,14,2,3,1,1,0,0
"No",40,8,4069,3,18,8,2,2,2,2,2
"No",45,1,7441,1,12,10,4,10,8,7,7
"No",35,28,2430,0,23,6,5,5,3,4,2
"No",32,5,5878,3,12,12,2,7,1,2,5
"No",36,2,2644,3,21,7,3,3,2,1,2
"No",48,16,6439,8,14,18,2,8,7,7,7
"No",29,9,2451,6,18,5,2,1,0,0,0
"No",33,8,6392,2,13,8,6,2,2,2,2
"Yes",30,1,9714,1,11,10,4,10,8,6,7
"No",38,10,6077,3,11,10,2,6,3,1,2
"No",35,1,2450,1,19,3,3,3,0,1,2
"No",30,29,9250,3,12,9,3,4,2,1,3
"Yes",35,2,2074,1,12,1,2,1,0,0,0
"Yes",53,2,10169,0,16,34,4,33,7,1,9
"Yes",38,2,4855,4,11,7,2,5,2,1,4
"No",32,1,4087,4,14,9,3,6,5,1,2
"No",48,15,2367,8,12,10,3,8,2,7,6
"No",34,7,2972,1,13,1,4,1,0,0,0
"No",55,26,19586,1,21,36,3,36,6,2,13
"No",34,1,5484,9,17,9,3,2,2,2,1
"No",26,3,2061,1,21,1,5,1,0,0,0
"No",38,14,9924,0,11,10,3,9,8,7,7
"No",38,16,4198,2,12,8,5,3,2,1,2
"No",36,1,6815,6,13,15,5,1,0,0,0
"No",29,3,4723,1,18,10,3,10,9,1,5
"No",35,10,6142,3,16,10,4,5,2,0,4
"No",39,6,8237,2,11,11,3,7,6,7,6
"No",29,2,8853,1,19,6,0,6,4,1,3
"No",50,9,19331,4,16,27,2,1,0,0,0
"No",23,10,2073,2,16,4,2,2,2,2,2
"No",36,6,5562,3,13,9,3,3,2,0,2
"No",42,9,19613,8,22,24,2,1,0,0,1
"No",35,28,3407,1,17,10,3,10,9,6,8
"No",34,10,5063,1,14,8,3,8,2,7,7
"No",40,14,4639,1,15,5,2,5,4,1,2
"No",43,27,4876,5,12,8,0,6,4,0,2
"No",35,7,2690,1,18,1,5,1,0,0,1
"No",46,1,17567,1,15,27,5,26,0,0,12
"Yes",28,24,2408,1,17,1,3,1,1,0,0
"No",22,26,2814,1,14,4,2,4,2,1,3
"No",50,20,11245,2,15,32,3,30,8,12,13
"No",32,5,3312,3,17,6,3,3,2,0,2
"No",44,7,19049,0,14,23,4,22,7,1,10
"No",30,7,2141,1,12,6,3,6,4,1,1
"No",45,5,5769,1,14,10,3,10,7,1,4
"No",45,26,4385,1,15,10,2,10,7,4,5
"No",31,2,5332,7,13,10,3,5,2,0,3
"No",36,12,4663,9,12,7,2,3,2,1,1
"No",34,10,4724,1,13,9,3,9,7,7,2
"No",49,25,3211,1,14,10,3,9,6,1,4
"No",39,10,5377,2,13,10,3,7,7,7,7
"No",27,19,4066,1,11,7,3,7,7,0,7
"No",35,18,5208,1,11,16,2,16,15,1,10
"No",28,27,4877,0,21,6,5,5,3,0,0
"No",21,5,3117,1,18,3,2,2,2,2,2
"Yes",18,3,1569,1,12,0,2,0,0,0,0
"No",47,26,19658,3,11,27,2,5,2,1,0
"No",39,3,3069,0,15,11,3,10,8,0,7
"No",40,15,10435,1,13,18,2,18,15,14,12
"No",35,8,4148,1,12,15,5,14,11,2,9
"No",37,19,5768,3,17,9,2,4,3,0,2
"No",39,4,5042,0,13,10,2,9,2,3,8
"No",45,2,5770,1,19,10,3,10,7,3,9
"No",38,2,7756,3,19,10,6,5,4,0,2
"Yes",35,10,10306,9,17,15,3,13,12,6,0
"No",37,10,3936,1,11,8,2,8,4,7,7
"No",40,16,7945,6,15,18,2,4,2,3,3
"No",44,1,5743,4,11,14,3,10,7,0,2
"No",48,4,15202,2,25,23,3,2,2,2,2
"Yes",35,15,5440,6,14,7,2,2,2,2,2
"No",24,2,3760,1,13,6,2,6,3,1,3
"No",27,8,3517,7,17,5,0,3,2,0,2
"No",27,2,2580,2,13,6,0,4,2,1,2
"Yes",40,7,2166,3,14,10,3,4,2,0,3
"No",29,10,5869,9,11,8,2,5,2,1,4
"No",36,5,8008,4,12,9,6,3,2,0,2
"No",25,2,5206,1,17,7,6,7,7,0,7
"No",39,12,5295,4,21,7,3,5,4,1,0
"No",49,22,16413,3,16,27,2,4,2,1,2
"No",50,17,13269,5,15,19,3,14,11,1,11
"No",20,2,2783,1,19,2,3,2,2,2,2
"No",34,3,5433,1,12,11,2,11,8,7,9
"No",36,7,2013,2,11,15,4,4,3,1,3
"No",49,6,13966,2,19,30,3,15,11,2,12
"No",36,1,4374,0,15,4,6,3,2,1,2
"No",36,3,6842,6,20,13,3,5,4,0,4
"No",54,22,17426,3,25,36,6,10,8,4,7
"No",43,15,17603,1,24,14,3,14,10,6,11
"Yes",35,12,4581,3,24,13,2,11,9,6,7
"No",38,1,4735,7,15,19,4,13,11,2,9
"No",29,5,4187,1,13,10,3,10,0,0,9
"No",33,2,5505,1,14,6,5,6,2,0,4
"No",32,2,5470,0,13,10,4,9,5,1,6
"No",31,5,5476,1,11,10,2,10,0,0,2
"No",49,16,2587,4,16,17,2,2,2,2,2
"No",38,2,2440,1,22,4,3,4,3,3,3
"No",47,2,15972,6,14,29,2,3,2,1,2
"No",49,1,15379,4,14,23,2,8,7,0,0
"No",41,23,7082,3,16,21,2,2,0,0,2
"No",20,9,2728,1,11,2,3,2,2,0,2
"No",33,16,5368,1,25,7,2,6,5,1,2
"No",36,26,5347,6,14,10,2,3,2,0,2
"No",44,1,3195,4,18,8,2,2,2,2,2
"Yes",23,8,3989,1,11,5,2,5,4,1,2
"No",38,4,3306,7,19,7,5,0,0,0,0
"No",53,24,7005,3,15,11,2,4,3,1,2
"Yes",48,7,2655,2,11,19,3,9,7,7,7
"Yes",32,2,1393,1,12,1,2,1,0,0,0
"No",26,7,2570,1,20,7,5,7,7,5,7
"No",55,22,3537,5,12,8,1,4,2,1,2
"No",34,5,3986,1,14,15,3,15,10,4,13
"No",60,1,10883,3,20,19,2,1,0,0,0
"No",33,21,2028,1,18,14,6,14,11,2,13
"No",37,1,9525,1,14,6,2,6,3,1,3
"No",34,19,2929,1,12,10,3,10,9,8,7
"Yes",23,7,2275,1,21,3,2,3,2,0,2
"No",44,2,7879,1,19,9,2,8,7,6,7
"No",35,2,4930,0,14,6,2,5,4,1,4
"No",43,2,7847,1,17,10,3,10,9,8,8
"No",24,9,4401,1,16,5,1,5,3,0,4
"No",41,6,9241,1,12,10,3,10,8,8,7
"No",29,9,2974,9,17,9,2,5,3,1,2
"No",36,2,4502,3,15,17,2,13,7,6,7
"No",45,1,10748,3,23,25,3,23,15,14,4
"Yes",24,22,1555,1,11,1,2,1,0,0,0
"Yes",47,9,12936,7,11,25,3,23,5,14,10
"No",26,17,2305,1,15,3,3,3,2,0,2
"No",45,28,16704,1,11,21,2,21,6,8,6
"No",32,10,3433,6,13,10,3,5,2,1,3
"No",31,2,3477,1,14,6,2,5,2,0,3
"No",41,4,6430,6,19,10,4,3,2,1,2
"No",40,8,6516,2,16,18,3,1,0,0,0
"No",24,29,3907,1,13,6,2,6,2,1,2
"No",46,13,5562,6,14,19,3,10,7,0,9
"No",35,27,6883,2,16,17,3,7,7,0,7
"No",30,16,2862,1,12,10,2,10,0,0,8
"No",47,2,4978,7,11,4,3,1,0,0,0
"No",46,2,10368,4,12,13,5,10,6,0,3
"Yes",36,13,6134,5,13,16,3,2,2,2,2
"Yes",32,1,6735,6,15,10,2,0,0,0,0
"No",23,4,3295,1,13,3,3,3,2,1,2
"No",31,24,5238,2,20,9,3,5,4,1,4
"No",39,1,6472,1,15,9,2,9,8,5,8
"No",32,19,9610,3,13,10,2,4,3,0,2
"No",40,7,19833,1,14,21,3,21,8,12,8
"No",45,4,9756,4,21,9,2,5,0,0,3
"No",30,2,4968,0,16,10,2,9,7,0,7
"No",24,10,2145,0,14,3,2,2,2,2,1
"Yes",30,8,2180,6,11,6,0,4,2,1,2
"No",31,5,8346,1,19,6,3,5,2,0,2
"No",27,8,3445,1,11,6,5,6,2,1,4
"Yes",29,9,2760,1,13,2,3,2,2,2,2
"No",29,1,6294,8,12,10,5,3,2,0,2
"No",30,15,7140,2,11,12,2,7,7,1,7
"No",34,2,2932,0,14,6,3,5,0,1,2
"No",33,2,5147,8,15,13,2,11,7,1,7
"No",49,11,4507,3,12,8,1,5,1,0,4
"Yes",33,16,8564,2,20,11,2,0,0,0,0
"No",38,2,2468,4,14,9,4,6,1,0,5
"Yes",31,16,8161,2,13,10,2,1,0,0,0
"No",29,4,2109,1,13,1,2,1,0,0,0
"No",30,16,5294,3,16,10,3,7,0,1,7
"No",32,5,2718,2,14,12,3,7,7,0,7
"No",38,18,5811,3,16,15,2,1,0,1,0
"Yes",43,17,2437,9,16,6,4,1,0,0,0
"No",42,12,2766,8,22,7,6,5,3,0,4
"No",55,2,19038,8,12,34,2,1,0,0,0
"No",33,4,3055,5,15,11,2,9,8,1,7
"No",41,9,2289,1,20,5,2,5,3,0,4
"No",34,10,4001,1,14,15,3,15,14,0,7
"No",53,1,12965,4,20,27,2,3,2,0,2
"No",43,2,3539,0,13,10,5,9,7,1,8
"No",34,3,6029,5,12,6,3,2,2,2,2
"Yes",21,7,2679,1,13,1,3,1,0,1,0
"No",38,6,3702,1,11,5,3,5,4,0,4
"Yes",22,8,2398,1,17,1,6,1,0,0,0
"No",31,29,5468,1,14,13,3,12,7,5,7
"No",51,3,13116,2,11,15,2,2,2,2,2
"No",37,9,4189,1,14,5,2,5,2,0,3
"No",46,2,19328,7,17,24,3,2,1,2,2
"No",36,10,8321,7,13,15,1,12,8,5,7
"Yes",44,1,2342,1,12,6,2,5,3,2,3
"No",37,8,4071,2,13,19,4,10,0,4,7
"Yes",35,27,5813,1,18,10,2,10,7,7,7
"No",33,8,3143,6,19,14,1,10,8,7,6
"No",28,1,2044,1,11,5,6,5,3,0,3
"No",39,10,13464,7,21,9,3,4,3,2,2
"No",46,26,7991,8,15,6,3,2,2,2,2
"No",40,2,3377,4,17,7,5,4,3,0,2
"No",42,13,5538,5,18,10,2,0,0,0,0
"No",35,2,5762,2,14,15,6,7,7,1,7
"No",38,2,2592,5,13,13,3,11,10,3,8
"Yes",34,9,5346,4,17,11,3,7,1,0,7
"Yes",37,10,4213,1,15,10,4,10,3,0,8
"No",39,20,4127,2,18,7,6,2,1,2,2
"No",43,9,2438,4,13,7,2,3,2,1,2
"No",41,5,6870,3,12,11,3,3,2,1,2
"No",41,4,10447,0,13,23,3,22,14,13,5
"No",30,10,9667,9,14,9,3,7,7,0,2
"Yes",26,20,2148,0,11,6,3,5,1,1,4
"Yes",46,21,8926,4,22,13,2,9,7,3,7
"No",40,1,6513,4,17,12,3,5,3,0,3
"No",34,8,6799,1,21,10,5,10,8,4,8
"No",58,2,16291,4,22,37,0,16,9,14,14
"No",35,23,2705,0,16,6,2,5,4,0,3
"No",47,4,10333,8,12,28,4,22,11,14,10
"No",40,12,4448,2,12,15,3,7,4,7,7
"No",54,7,6854,4,15,14,2,7,1,1,7
"No",31,7,9637,2,14,9,3,3,2,2,2
"No",28,1,3591,1,25,3,3,3,2,1,2
"No",38,2,5405,2,20,20,4,4,2,0,3
"No",26,10,4684,1,13,5,4,5,3,1,2
"No",58,15,15787,2,14,23,3,2,2,2,2
"No",18,14,1514,1,16,0,4,0,0,0,0
"Yes",31,18,2956,0,17,2,4,1,0,0,0
"Yes",29,13,2335,4,15,4,3,2,2,2,0
"No",45,2,5154,4,22,10,3,8,7,5,7
"No",36,2,6962,4,22,15,2,1,0,0,0
"No",43,2,5675,1,20,7,5,7,7,7,7
"No",27,5,2379,0,14,6,3,5,4,0,2
"No",29,20,3812,1,13,11,3,11,8,3,10
"No",32,10,4648,8,13,4,2,0,0,0,0
"No",42,10,2936,3,22,10,1,6,3,3,3
"No",47,9,2105,4,12,7,2,2,2,2,0
"No",46,2,8578,3,14,12,4,9,8,4,7
"No",28,1,2706,1,15,3,2,3,2,2,2
"No",29,29,6384,8,17,11,3,7,0,1,6
"No",42,8,3968,4,13,8,3,0,0,0,0
"Yes",32,2,9907,7,12,7,3,2,2,2,2
"No",46,3,13225,2,12,25,5,19,17,2,8
"No",27,23,3540,1,21,9,5,9,8,5,8
"No",29,6,2804,1,11,1,3,1,0,0,0
"No",43,6,19392,7,13,21,2,16,12,6,14
"No",48,10,19665,4,12,29,3,22,10,12,9
"Yes",29,24,2439,1,24,1,3,1,0,1,0
"Yes",46,10,7314,5,21,14,2,8,7,0,7
"No",27,15,4774,0,19,8,2,7,6,7,3
"No",39,19,3902,8,14,7,2,2,2,2,2
"No",55,2,2662,8,20,19,2,5,2,0,4
"No",28,3,2856,1,19,1,3,1,0,0,0
"Yes",30,9,1081,1,13,1,3,1,0,0,0
"Yes",22,7,2472,1,23,1,2,1,0,0,0
"No",36,10,5673,1,13,10,4,10,9,1,7
"No",31,20,4197,1,11,10,2,10,8,0,2
"No",34,4,9713,2,13,9,3,5,3,1,0
"No",29,7,2062,3,14,11,2,3,2,1,2
"No",37,7,4284,5,22,16,2,5,3,0,4
"No",35,16,4788,0,11,4,2,3,2,0,2
"No",45,25,5906,0,13,10,2,9,8,3,8
"No",36,2,3886,1,21,10,2,10,1,0,8
"No",40,1,16823,2,11,22,3,19,7,11,16
"No",26,1,2933,1,13,1,3,1,0,1,0
"No",27,2,6500,0,14,9,5,8,7,0,7
"No",48,22,17174,3,11,24,3,22,17,4,7
"No",44,1,5033,2,15,10,5,2,0,2,2
"Yes",34,16,2307,1,23,5,2,5,2,3,0
"Yes",56,24,2587,1,16,5,3,4,2,1,0
"No",36,17,5507,2,16,12,1,4,2,1,3
"No",41,8,4393,5,21,14,3,5,4,1,4
"No",42,6,13348,9,13,18,3,13,7,5,7
"No",31,10,6583,2,11,8,2,5,2,1,4
"No",34,3,8103,3,12,9,3,4,2,0,1
"No",31,4,3978,8,12,4,0,2,2,2,2
"No",26,6,2544,0,18,8,3,7,7,7,7
"No",45,1,5399,4,12,12,3,4,2,0,3
"No",33,10,5487,1,14,10,2,10,4,0,9
"No",28,1,6834,1,12,7,2,7,7,0,7
"Yes",29,24,1091,1,17,1,3,1,0,0,0
"No",39,21,5736,6,19,10,1,3,2,1,2
"No",27,2,2226,1,11,6,3,5,3,1,2
"No",34,22,5747,1,15,16,3,15,10,6,11
"Yes",28,13,9854,3,11,6,0,2,0,2,2
"No",47,14,5467,8,18,16,4,8,7,1,7
"No",56,11,5380,4,16,6,3,0,0,0,0
"No",39,9,5151,1,25,10,3,10,0,7,9
"No",38,8,2133,1,16,20,3,20,11,0,7
"No",58,21,17875,4,13,29,2,1,0,0,0
"Yes",32,5,2432,3,14,8,2,4,1,0,3
"No",38,9,4771,2,19,10,0,5,2,0,3
"No",49,2,19161,3,15,28,3,5,4,4,3
"No",42,12,5087,3,12,14,4,0,0,0,0
"Yes",27,22,2863,1,12,1,2,1,0,0,0
"No",35,18,5561,0,16,6,2,5,3,0,4
"No",28,16,2144,1,14,5,3,5,3,1,4
"No",31,3,3065,1,13,4,3,4,2,2,3
"No",36,9,2810,1,22,5,3,5,4,0,2
"No",34,1,9888,1,21,14,3,14,8,2,1
"No",34,13,8628,1,18,9,2,8,7,1,1
"No",26,1,2867,0,13,8,6,7,7,7,6
"No",29,1,5373,0,12,6,5,5,3,0,2
"No",32,15,6667,5,18,9,6,5,1,1,2
"No",31,1,5003,1,21,10,6,10,8,8,7
"Yes",28,17,2367,5,12,6,2,4,1,0,3
"No",38,1,2858,4,14,20,3,1,0,0,0
"No",35,7,5204,1,11,10,2,10,8,0,9
"No",27,9,4105,1,14,7,5,7,7,0,7
"No",32,5,9679,8,24,8,1,1,0,0,0
"Yes",31,26,5617,1,11,10,4,10,7,0,8
"Yes",53,24,10448,6,13,15,2,2,2,2,2
"No",54,9,2897,3,11,9,6,4,3,2,3
"No",33,7,5968,1,20,9,2,9,7,2,8
"No",43,11,7510,1,17,10,1,10,9,0,9
"No",38,1,2991,0,11,7,2,6,2,1,2
"No",55,26,19636,4,18,35,0,10,9,1,4
"No",31,2,1129,1,11,1,4,1,0,0,0
"No",39,15,13341,0,12,21,3,20,8,11,10
"No",42,23,4332,1,12,20,2,20,9,3,7
"No",31,10,11031,4,20,13,2,11,7,4,8
"No",54,10,4440,6,19,9,3,5,2,1,4
"No",24,1,4617,1,12,4,2,4,3,1,2
"No",23,12,2647,1,13,5,6,5,2,1,4
"No",40,11,6323,1,11,10,2,10,9,9,4
"No",40,2,5677,3,14,15,4,11,8,5,10
"No",25,2,2187,4,14,6,3,2,0,1,2
"No",30,1,3748,1,13,12,6,12,8,1,7
"No",25,2,3977,6,19,7,2,2,2,0,2
"No",47,25,8633,2,23,25,3,17,14,12,11
"No",33,1,2008,1,12,1,2,1,1,0,0
"No",38,1,4440,0,15,16,3,15,13,5,8
"No",31,2,3067,0,19,3,1,2,2,1,2
"No",38,6,5321,2,11,10,1,8,3,7,7
"No",42,18,5410,6,17,9,3,4,3,1,2
"No",41,1,2782,3,22,12,3,5,3,1,0
"No",47,1,11957,0,18,14,3,13,8,5,12
"No",35,11,2660,7,11,5,3,2,2,2,2
"No",22,1,3375,0,12,4,2,3,2,1,2
"No",35,9,5098,1,19,10,5,10,7,0,8
"No",33,15,4878,0,13,10,6,9,7,8,1
"No",32,29,2837,1,13,6,3,6,2,4,1
"No",40,1,2406,8,19,8,3,1,0,0,0
"No",32,1,2269,0,14,3,2,2,2,2,2
"No",39,24,4108,7,13,18,2,7,7,1,7
"No",38,10,13206,3,12,20,3,18,16,1,11
"No",32,1,10422,1,19,14,3,14,10,5,7
"No",37,10,13744,1,25,16,2,16,11,6,8
"No",25,8,4907,0,22,6,3,5,3,0,4
"No",52,29,3482,2,15,16,3,9,8,0,0
"No",44,1,2436,6,12,6,2,4,3,1,2
"No",21,5,2380,1,11,2,6,2,2,1,2
"No",39,9,19431,2,13,21,3,6,0,1,3
"Yes",23,9,1790,1,19,1,3,1,0,1,0
"No",36,3,7644,0,19,10,2,9,7,3,4
"No",36,4,5131,7,13,18,3,4,2,0,2
"No",56,1,6306,1,21,13,2,13,12,1,9
"Yes",29,1,4787,9,14,4,3,2,2,2,2
"No",42,2,18880,5,11,24,2,22,6,4,14
"Yes",56,7,2339,8,11,14,4,10,9,9,8
"No",41,28,13570,0,23,21,3,20,7,0,10
"No",34,28,6712,1,21,8,2,8,7,1,7
"No",36,15,5406,1,24,15,4,15,12,11,11
"No",41,3,8938,2,11,14,5,5,4,0,4
"No",32,2,2439,1,14,4,4,4,2,1,2
"No",35,26,8837,1,16,9,2,9,0,1,7
"No",38,10,5343,1,11,10,1,10,7,1,9
"Yes",50,1,6728,7,12,12,3,6,3,0,1
"No",36,11,6652,4,13,8,2,6,3,0,0
"No",45,20,4850,8,15,8,3,5,3,0,1
"No",40,2,2809,2,14,8,2,2,2,2,2
"No",35,18,5689,1,14,10,2,10,2,0,2
"No",40,2,2001,2,14,20,2,5,3,0,2
"No",35,1,2977,1,12,4,5,4,3,1,1
"No",29,13,4025,4,13,10,2,4,3,0,3
"No",29,28,3785,1,14,5,3,5,4,0,4
"Yes",50,28,10854,4,13,20,3,3,2,2,0
"No",39,24,12031,0,11,21,2,20,9,9,6
"No",31,5,9936,0,19,10,2,9,4,1,7
"No",26,5,2966,0,18,5,2,4,2,0,0
"No",36,23,2571,4,17,17,3,5,2,0,3
"No",39,6,9991,4,15,9,5,7,7,1,7
"No",27,4,6142,1,20,6,0,6,2,0,3
"No",49,2,5390,2,14,17,3,9,6,0,8
"No",34,8,4404,2,12,6,3,4,3,1,2
